name,taxid,ERR14789259,ERR14789260,ERR14789261,ERR14789262,ERR14789263,ERR14789264,ERR14789265,ERR14789266,ERR14789267,ERR14789268,ERR14789269,ERR14789270,ERR14789271,ERR14789272,ERR14789273
                  Orthopoxvirus,10242,,,,,,,,,,,,,0.11,,
                  Rhadinovirus,10379,0.09,,,,,,,,,,,,,,
                  Mastadenovirus,10509,0.36,0.06,0.36,0.17,,0.15,,,,0.21,,0.22,,0.19,
                  Aviadenovirus,10552,0.07,,,0.09,,,,,,,,,,,
                  Tequatrovirus,10663,0.09,0.09,,,,,,,,,,,0.13,,
                Rotavirus,10912,,,,,,,,,,,2.14,,,,
                Sobemovirus,12137,0.23,1.24,0.33,,,,0.24,,,,,,,,
                  Tombusvirus,12141,,0.25,0.12,,,,,0.28,,,,,,,
                  Carlavirus,12163,0.32,0.1,0.2,0.12,,0.17,,0.22,,0.25,,,0.13,0.26,0.4
                Potexvirus,12176,0.11,0.19,0.17,,,,0.2,,,5.7,,,0.13,0.12,0.22
                Potyvirus,12195,,,,0.22,,,,,,,,0.22,,,
                Tobamovirus,12234,5.28,10.61,7.38,4.75,13.41,9.89,17.29,45.89,26.81,18.35,3.4,19.57,12.0,3.33,10.12
                Circovirus,39725,,,,0.38,10.35,,,,,,,,,,
                  Teseptimavirus,110456,0.79,0.26,0.37,0.46,,0.24,,,0.49,,0.18,0.25,0.21,0.65,
                Peduovirus,140410,,,,,,,,,,,,,0.18,,
                Norovirus,142786,,,0.09,,,,,,,,,,,,
                Alphanodavirus,143920,0.93,4.59,2.46,1.74,11.4,1.36,1.82,0.94,1.29,2.85,0.28,1.91,0.79,0.67,0.51
                Prasinovirus,181084,0.07,,0.2,,,,,,,,,,,,
                  Aureusvirus,186457,,0.06,,,,,,,,,,,,,
              Ceduovirus,186532,0.24,0.06,0.09,1.6,,,,,,,,0.62,,,
              Fromanvirus,186764,0.11,0.07,,,,,,,,,,,,,
              Punavirus,186789,,,,,,,,,0.24,,,,0.26,,
              Lederbergvirus,186794,0.13,0.22,0.32,0.21,,,,,,,,0.35,0.48,0.13,
                  Panicovirus,186844,,0.08,0.35,,,,0.24,,,,,,,,
                  Tequintavirus,187218,0.1,0.36,,,,,,,,,,,,0.25,
                Mamastrovirus,249588,0.33,0.43,0.83,0.8,,0.53,,0.48,,0.6,0.52,0.47,0.61,0.45,0.24
                  Mimivirus,315393,0.23,0.17,0.23,0.16,,0.34,,,,,,,0.11,0.13,
                  Enquatrovirus,371730,0.07,0.06,,,,,0.26,,,,,,,,
                  Phikmvvirus,477967,,,,,,,,,,,0.19,,0.23,,
              Rauchvirus,542959,0.38,0.24,0.56,0.59,,0.71,0.61,,0.44,0.2,0.13,0.22,,0.46,0.31
              Uetakevirus,542960,0.13,0.36,0.26,0.36,,0.35,0.39,,0.26,0.21,0.23,0.68,0.4,,
              Bruynoghevirus,545932,,,,,,,,,,,,0.24,,,
            Alphabaculovirus,558016,0.12,0.13,0.15,0.08,,,,,0.25,,0.18,,,0.12,
            Betabaculovirus,558017,,,,,,,,,,,,,,,0.22
                Kuravirus,680277,0.07,0.3,,0.1,,0.32,,,0.23,,,0.75,,,
                  Felixounavirus,1198140,0.08,0.11,0.09,0.1,,,,0.7,,,,,,0.12,
                Kappatorquevirus,1218487,,,,,,,,,,,,,0.12,,
                  Alphanecrovirus,1299309,,0.23,,,,,,,,,,,,0.14,
                  Betanecrovirus,1299311,,0.09,,,,,,,,,,,,,
                  Bocaparvovirus,1507401,,,,0.11,,,,,,,,,,,
                Gemycircularvirus,1542744,,0.4,0.22,2.18,,,,,,,,,,,0.73
              Cheoctovirus,1623281,0.33,0.25,0.33,0.33,,,0.67,,,,,,,,
                Chivirus,1623283,1.41,,,,,,,,,,,,,,
              Kostyavirus,1623284,,,0.25,,,,,,,,,,,,
              Detrevirus,1623287,0.11,0.09,,,,,,,,,0.37,0.25,0.42,0.2,
              Dhillonvirus,1623289,0.2,0.07,0.2,0.39,,0.15,,,,,0.14,,,,
                Brussowvirus,1623303,0.36,0.11,0.23,0.35,,0.29,,,,0.14,,,,0.15,0.28
                Moineauvirus,1623304,0.98,0.2,0.34,0.37,,0.46,,0.77,0.6,0.15,,,,0.31,1.16
              Skunavirus,1623305,0.56,0.23,0.55,0.84,,0.96,0.5,0.21,,0.53,,,0.2,0.3,0.68
              Lessievirus,1720323,0.15,0.16,0.14,0.11,,,,,,,0.18,0.81,,,
              Hollowayvirus,1720324,0.55,0.38,0.35,0.63,,0.4,0.24,,0.2,0.27,,0.25,,0.23,0.35
                  Silviavirus,1857889,,,,,,,,,,,0.28,,,,
                Betapolyomavirus,1891714,,,,,,,,,,,,0.34,,,
                  Alphatrevirus,1910951,0.12,0.08,0.11,0.13,,,,,,,,,,,
                  Gequatrovirus,1910952,0.12,0.14,,,,,,,,,,,,,
                  Sinsheimervirus,1910954,,0.25,,,,,,,,,,,,,
                  Jerseyvirus,1910991,,0.1,0.08,0.08,,0.55,,0.53,,,0.23,,,,
                  Kagunavirus,1910992,0.44,0.68,0.5,0.57,1.8,1.43,0.83,0.62,0.52,0.33,0.58,1.02,0.63,1.17,0.46
                  Cornellvirus,1910993,0.16,0.56,0.32,0.27,,1.06,0.3,,,0.2,0.69,0.47,1.02,,
                  Gammacarmovirus,1911601,0.09,0.18,0.3,0.19,,0.51,1.09,1.55,0.52,1.81,,0.39,0.28,,0.26
                  Caeruleovirus,1911929,,,,,,,,0.56,,,,,,,
                  Gaprivervirus,1913654,,0.07,,,,,,,,,,,,,
              Certrevirus,1914850,0.11,0.06,,0.13,,,0.26,,,,,,,,
              Seunavirus,1914851,,,0.18,0.08,,,,,,,,,,,
              Vequintavirus,1914852,0.99,0.22,0.44,0.34,,0.34,0.3,,0.42,0.27,,0.24,0.21,0.4,0.51
              Obolenskvirus,1915205,0.24,0.15,0.16,0.23,,,0.23,,,,0.45,0.45,1.34,,
                  Gamaleyavirus,1920753,1.22,1.62,1.41,0.58,,1.43,0.69,0.88,0.58,0.24,1.43,0.34,0.38,0.67,0.33
                  Litunavirus,1920762,,0.08,0.1,0.1,,,,,,,,0.19,,0.55,
                  Drulisvirus,1920774,0.97,2.9,1.92,2.03,,1.83,6.15,2.01,0.98,1.6,1.84,1.52,0.56,1.09,1.43
                Webervirus,1920860,0.25,0.3,0.3,0.82,,0.22,,,,0.25,,0.28,0.11,2.89,0.38
                  Tlsvirus,1920865,,,,0.08,,,,,,,,,,,
              Nonagvirus,1921117,0.23,0.09,,0.13,,,,,,,,,,,
              Nonanavirus,1921122,,0.07,,,,,,,,,,,,,
                  Pakpunavirus,1921407,,,,,,,,,,,,,0.28,,
              Kleczkowskavirus,1921525,,,,,,,,,,,,,0.13,,
              Septimatrevirus,1921544,0.54,0.34,0.63,0.52,,0.56,0.54,,0.25,0.15,,0.19,,0.48,0.81
              Enhodamvirus,1922329,,,,,,,,0.24,,,,,,,
                Gemykibivirus,1941236,0.69,4.53,2.28,2.16,,0.39,0.38,0.68,0.23,0.35,,0.45,0.12,,
              Mudcatvirus,1982088,0.16,0.07,,0.08,,,,,,,,,,,
                  Abidjanvirus,1982095,0.26,0.1,0.17,0.2,,0.5,0.32,,,,,,,0.11,0.18
              Eiauvirus,1982111,,,,,,,,,,,0.23,,,0.69,
              Gordonvirus,1982152,0.09,0.11,0.09,,,,,,,,,,,,
              Nipunavirus,1982239,0.33,0.17,0.14,0.27,,0.2,0.28,0.22,0.31,0.16,,,,0.22,0.18
                  Pamexvirus,1982355,,,,0.08,,,,,,,,,,,
              Pepyhexavirus,1982367,0.21,0.14,0.14,0.12,,0.17,,,,,,,,0.13,
              Roufvirus,1982370,,0.08,,,,,,,,,,,,,
              Titanvirus,1982573,,,0.08,,,,,,,,,,,,
                  Johnsonvirus,1982576,0.11,0.1,0.1,,,0.15,,,,,,,,,
              Kochitakasuvirus,1982590,0.08,,,,,,,,,,,,,,
                  Luzseptimavirus,1982594,0.07,,,,,,,,,,,,,,
              Likavirus,1982880,,,,,,,,,,,0.28,,,,
                  Kolesnikvirus,1985293,,0.07,,,,,,,,,,,,,
                  Mooglevirus,1985303,,0.09,,,,,,,,,,,,,
                  Jiaodavirus,1985325,,,,,,,,,,,,,,0.16,
                Slopekvirus,1985328,,0.15,0.12,0.21,,0.62,,,,,,,,,
                Gemygorvirus,1985366,,0.11,,0.1,,,,,,,,,,,
                Gemykrogvirus,1985367,,0.08,0.3,0.69,,,,,,,,,,,
                  Friunavirus,1985711,0.18,0.18,0.37,0.27,,0.22,0.46,0.23,0.23,0.34,1.54,1.5,5.06,,0.57
                  Przondovirus,1985720,0.7,0.33,0.34,0.38,,0.82,0.38,0.48,0.52,0.13,0.14,,0.53,0.35,0.42
                  Pradovirus,1985733,0.11,0.2,0.13,,,,0.22,,0.48,,,,0.22,,0.18
          Pandoravirus,2060084,0.69,0.63,0.54,0.46,,,0.85,,,,,0.58,,0.7,
                  Tupanvirus,2094720,0.1,0.07,,0.08,,,,,,,,,,,
                  Agtrevirus,2169532,,0.07,,,,,,,,,,,,,
                  Kuttervirus,2169536,0.08,,,0.08,,,,,,,,,,,
              Limdunavirus,2169621,,,,0.21,,,,,,,,,,,0.18
              Unaquatrovirus,2169622,,,,0.29,,,,,,,,,,,
                Machinavirus,2169624,0.28,,0.09,0.08,,,,,,0.16,,,,0.13,
              Svunavirus,2169625,0.07,,,,,,,,,,,,,,
                  Jwalphavirus,2169642,,,,,,,,,,,,,,0.24,
                  Ithacavirus,2169643,0.17,0.42,0.31,0.22,,0.3,0.38,,,1.11,,,0.2,0.16,0.29
              Doucettevirus,2169653,0.11,,0.11,0.07,,,,,,,,,,,
                  Wizardvirus,2169658,0.09,,,,,,,,,,,,,,
              Alcyoneusvirus,2560086,0.11,0.1,,0.5,,,,,,0.15,,,,,0.18
              Asteriusvirus,2560094,0.17,0.08,0.37,0.35,,0.17,,,,,0.79,0.58,0.48,0.31,0.37
                Bifseptvirus,2560102,,,,,,,,,,,0.14,,,,
              Bingvirus,2560103,0.07,0.06,,0.08,,,,,,,,,,,
              Brunovirus,2560108,0.11,0.39,0.15,0.09,,0.35,,,,,,,,,
                  Ceetrepovirus,2560111,5.71,1.98,0.68,1.21,2.32,,0.6,1.53,7.53,5.96,2.08,3.28,0.47,0.35,0.68
              Eneladusvirus,2560128,,0.09,,,,,,,,,,,,,
              Fipvunavirus,2560132,0.12,0.08,,,,,,,,,,,,,
                  Flaumdravirus,2560133,,,,,,,,,,,0.22,,0.88,,
              Gofduovirus,2560141,,,,,,,,,0.43,,,,,,
              Gustavvirus,2560144,,,0.08,,,,,,,,,,,,
                Iapetusvirus,2560148,0.07,,,,,,,,,,,,,,
              Ilzatvirus,2560150,,,,,,,,,,,0.14,,,,
              Kojivirus,2560161,0.2,0.12,0.08,0.08,,,,,,,,,0.13,,
              Krylovvirus,2560162,,,,,,,,,,,0.19,0.79,,,
                Locarnavirus,2560169,,,,,1.69,,,,,,,,,,
              Metrivirus,2560175,0.09,,,,,,,,,,,,,,
              Mimasvirus,2560176,,0.07,,0.11,,0.17,,,,,,,,,
                Napahaivirus,2560184,,,,,,,,,,,0.47,,,,
              Nickievirus,2560188,,,,0.09,,,,,,,,,,,
                  Otagovirus,2560197,,,,,,,,,,,0.28,,1.85,0.12,
              Peatvirus,2560201,,0.13,,0.15,,,,,,,,,,,
                  Phimunavirus,2560202,0.13,0.16,0.27,0.22,,0.22,,,,,0.87,0.28,0.7,0.13,
              Pikminvirus,2560203,0.07,,,,,,,,,,,,,,
              Plaisancevirus,2560204,,,,,,,,,,,0.18,,,,
              Popoffvirus,2560208,0.48,1.19,0.79,0.91,,1.21,1.15,,,,1.41,,0.35,0.24,0.37
              Rimavirus,2560214,0.1,,,,,,,,,,,,,,
                Sanovirus,2560222,0.15,,,,,,,,,,,,,,
                Sugarlandvirus,2560233,0.35,0.34,0.53,0.43,,1.14,0.5,0.5,,0.38,,0.56,0.17,0.35,0.37
                Tulanevirus,2560244,0.34,0.28,0.29,0.37,,0.28,0.36,,,,0.19,,,0.3,0.35
                Unahavirus,2560245,,0.1,,,,,,,,,,,,,
              Vicosavirus,2560248,,,,,,,,,,,,1.35,,,0.24
                  Pettyvirus,2731671,0.14,0.12,0.15,0.17,,0.76,,0.38,0.52,1.31,0.53,0.56,1.21,0.19,0.29
                  Daemvirus,2731672,0.33,0.52,1.13,0.27,,0.88,0.22,,0.23,0.26,1.65,1.03,4.49,0.99,0.75
                  Bonnellvirus,2731932,,0.11,,0.2,,0.51,,,,,,,,,
                Gajwadongvirus,2731941,,0.14,,0.1,,,,,,,,,,,
                Gyeongsanvirus,2731942,,,,,,,,,,,,,0.18,,
                Kelmasvirus,2731950,0.17,,,,,,,,,,,,,,
                Paadamvirus,2731961,,,,,,,,,,,0.19,,,,
                Piedvirus,2731968,,,,,,,,,,,0.37,0.21,0.19,,
                Scottvirus,2731973,,,,0.08,,,,,,,,,,,
                  Epseptimavirus,2732017,0.07,0.09,0.11,0.07,,0.23,,,,,,,,,
                Shenzhenvirus,2732038,0.43,0.17,0.29,0.23,,0.74,0.34,0.2,,,0.29,,,0.24,0.51
                Nouzillyvirus,2732049,,,0.1,,,,,,,,,,,,
                  Aarhusvirus,2732675,,,0.1,,,,,,,,,,,,
                  Apdecimavirus,2732676,1.84,0.2,0.78,1.52,,0.62,0.76,0.35,1.22,1.14,,0.83,0.16,0.98,0.66
                  Berlinvirus,2732677,0.47,0.19,0.82,0.33,,0.64,,,0.43,,,,,0.36,0.46
                  Chatterjeevirus,2732679,0.22,,,0.19,,,,,,0.14,,,0.16,0.11,
                  Foetvirus,2732682,0.37,0.24,0.68,0.12,,1.3,0.26,0.22,0.23,,,,,0.19,0.6
                  Ghunavirus,2732683,,,,,,,,,,,,,0.58,,
                  Helsettvirus,2732684,0.07,,0.22,,,,,,,,,,,0.78,1.89
                  Jarilovirus,2732685,0.13,,,0.14,,,0.26,,,,,,,,
                  Kayfunavirus,2732686,0.53,0.51,0.94,0.43,,0.33,0.34,1.66,0.37,0.27,,,0.19,0.33,0.24
                  Minipunavirus,2732687,0.16,,,0.08,,,,,,,,,,,
                  Ningirsuvirus,2732688,,,,0.08,,,,,,,,,,0.14,
                  Pijolavirus,2732692,,,,,,,,,,,0.52,,,5.99,2.53
                  Teetrevirus,2732693,1.37,0.2,0.56,0.6,,0.56,0.45,,1.4,0.41,,0.29,0.18,1.07,0.57
                Tunggulvirus,2732909,,,,,,,,,,,0.58,12.32,0.18,12.47,13.69
                  Ahphunavirus,2732912,0.07,,,,,0.26,,,,,,,,,0.2
                  Kantovirus,2732920,,,,,,,,,,,3.67,,,,
                  Kotilavirus,2732921,,0.27,0.09,0.13,,,,,,,0.35,,0.54,,
                  Stompvirus,2732922,0.26,0.42,0.41,0.34,,0.22,0.46,,0.21,0.19,1.51,0.3,0.2,0.21,
                  Kirikabuvirus,2732923,,,0.1,,,,0.28,,,,7.17,0.58,19.61,0.3,
                Stubburvirus,2732924,0.69,0.15,0.27,0.2,,0.26,,,,,,,,0.22,0.24
                  Vectrevirus,2732928,,,,0.08,,,,,,,,,,,
                Ampunavirus,2732929,,0.06,0.1,,,,,,,,,,,,
                Risjevirus,2732932,,,0.09,,,,,,,,,,,,
                  Bucovirus,2732937,,,,0.09,,,,,,,5.96,0.96,,,
                  Koutsourovirus,2732938,,,,0.76,,,,,,,3.54,0.19,,,
                  Carltongylesvirus,2732960,0.26,0.35,0.26,0.22,,0.51,,,,,,,0.15,0.13,0.26
                  Faunusvirus,2732961,,0.07,,,,,,,,,,,,,
                  Loessnervirus,2732962,,,,0.07,,,,,,,,,,,
                  Pahsextavirus,2732963,1.34,1.33,1.2,1.3,,0.71,1.01,0.62,0.44,0.35,0.92,0.84,0.34,0.84,0.62
                  Schiekvirus,2732968,0.12,,,0.23,,,,,,,,,,,
                Harbinvirus,2732970,,,0.25,0.08,,0.56,,,,,,,,,
                Bielevirus,2732974,,,0.12,,,,,,,,,,,,
              Alexandravirus,2733088,0.22,0.08,0.13,0.15,,0.15,,,,,,,,0.15,
                Anaposvirus,2733090,0.09,,,,,,,,,,,,,,
              Baikalvirus,2733094,,,,,,,,,,,,,,0.77,
              Barbavirus,2733095,,,,,,,,,,,,,,0.22,
              Loughboroughvirus,2733112,,,,0.08,,,,,,,,,,,
                Petsuvirus,2733122,,,,,,,,,,0.23,,,,,
              Phapecoctavirus,2733124,,0.08,,0.11,,,,,,,,,,,
              Rosemountvirus,2733127,,,,0.13,,,,,,,,,,,
              Saclayvirus,2733128,0.33,0.21,1.16,0.17,,0.22,,,,0.14,0.22,0.26,,0.43,
              Toutatisvirus,2733138,0.25,0.1,0.17,0.31,,,0.22,,,0.18,,,,0.2,0.26
              Ryyoungvirus,2733147,,,,,,,,,,,,0.37,,,
                Shizishanvirus,2733148,,,,,,,,,,,,,0.22,10.4,2.22
                Poindextervirus,2733154,0.07,,,,,,,,,,,,,,
              Lenusvirus,2733160,0.11,,0.09,0.08,,0.19,0.2,,,,,,,0.11,
              Lidleunavirus,2733161,0.11,,,,,,,,,,,,,,
              Armstrongvirus,2733167,0.17,,0.11,0.2,,0.51,,,,,,,,0.2,0.31
              Bridgettevirus,2733170,,,,,,,,,,,,,0.12,,
              Feofaniavirus,2733174,,0.08,,,,,,,,,,,,,
              Goodmanvirus,2733179,0.09,,,,,,,,,,,,,,
              Kilunavirus,2733183,,,,0.1,,,,,,,,,,,
              Krampusvirus,2733184,,,0.08,0.11,,,,,,,,,,,
              Lanavirus,2733185,,,,0.08,,,,,,,,,,0.32,
              Lentavirus,2733186,,,0.14,0.17,,0.23,,,,,,,,,
              Maxrubnervirus,2733193,0.09,,0.16,0.72,,0.15,,,,,,0.19,,0.23,2.73
                  Mementomorivirus,2733194,,,0.14,,,,,,,,,,,,
                Metamorphoovirus,2733195,,0.24,,0.09,,,,,,,,,,,
              Neferthenavirus,2733198,0.07,,,,,,,,,,,,,,
              Oengusvirus,2733199,0.07,,,0.1,,,,,,,,,,,
                Quhwahvirus,2733202,,0.12,,,,,,,,,,,,,
              Sashavirus,2733210,,0.22,,,,,,,,,,,,,
              Schubertvirus,2733212,0.39,0.2,0.11,0.2,,0.25,1.05,0.26,,0.15,,0.26,,0.13,
              Seussvirus,2733213,,,,,,,,,,,,,0.16,,
                  Chaphamaparvovirus,2733231,,,,0.1,,,,,,,,,,,
                  Fadolivirus,2763561,,,0.09,,,,,,,,,,,,
                Alehxovirus,2842364,,,,0.07,1.16,,0.69,,,3.59,,,,,
                Anchaingvirus,2842373,,0.1,0.1,0.13,,,,,,,,,,,
                Apeevirus,2842379,0.26,0.87,1.02,0.51,1.58,1.08,0.97,0.48,,0.25,0.15,0.71,0.4,0.26,0.95
              Akonivirus,2842540,0.27,0.27,0.31,0.21,,0.29,0.44,,0.27,0.13,,,,0.26,
                  Aorunvirus,2842545,,,,0.15,,,,,,,,,,,
                Cbunavirus,2842586,1.46,3.19,2.63,0.85,2.44,1.84,2.32,1.63,0.77,0.92,1.17,1.01,1.18,0.73,0.6
                Citrovirus,2842608,,0.07,,,,,,,,,,,,,
                  Claudivirus,2842609,0.1,,,0.11,,,,,,,,,,,
                Dendoorenvirus,2842641,0.09,,,0.08,,,,,,,,,,,
                  Dongdastvirus,2842653,0.11,0.09,0.09,0.17,,,,,,,0.2,,0.12,,
                Eceepunavirus,2842661,0.07,0.07,0.19,0.09,,0.23,,,,,,,,0.15,
                Emesvirus,2842664,,1.29,0.27,,,0.15,,,,,,,,,
                Gihfavirus,2842702,,,,,,,,,,,,0.28,0.18,,
                Hagavirus,2842717,,,0.1,,,,,,,,,,,,
              Henunavirus,2842727,,0.08,,,,0.15,,,,,,,,,
                Hihdivirus,2842731,,0.62,0.12,,,,0.22,,,0.6,,,,0.11,
                Hohrdovirus,2842736,,,,0.08,1.9,,0.26,,,,,,,,0.29
                Hopescreekvirus,2842737,0.52,0.36,0.47,0.31,,0.53,0.38,0.26,0.29,0.24,,0.19,0.11,0.15,0.48
                Huelvavirus,2842739,,,,0.07,,,,,,,,,,,
                  Inbricusvirus,2842758,0.18,0.64,0.16,0.17,,,,,,0.13,0.16,,0.17,,
                Ishugivirus,2842767,0.07,3.22,0.74,0.1,,0.29,0.34,0.36,,0.32,,,,,0.29
                  Kaypoctavirus,2842786,0.2,0.09,,0.1,,0.3,,,,,,,,,
                Kemicevirus,2842792,0.19,0.22,0.22,0.12,4.65,0.17,0.52,0.42,0.31,0.35,,0.22,0.19,0.19,0.18
              Kenoshavirus,2842796,0.18,0.15,0.14,0.2,,,,,,,,0.21,0.15,0.18,
                Kinglevirus,2842802,,0.07,,,,,,,,,,0.39,0.53,,0.38
                Kowinovirus,2842810,,0.08,,,,,,,,,,,,,
                  Lasallevirus,2842819,,,,,,,,,,,,,0.27,,
                Littlefixvirus,2842828,,,0.08,0.1,,,,,,,,0.22,,0.59,
                Luthavirus,2842838,,,,,,,,,,0.97,,,,,0.18
                Mahraivirus,2842846,,0.07,,,,,,,,,,,,,
              Manuelvirus,2842852,,0.1,,,,,,,,,,,,,
                  Matsuvirus,2842857,,0.06,,,,,,,,,,,,,
                Mekintivirus,2842861,0.09,,,0.08,,,,,,,,,,,
                Melvirus,2842862,,,,,,,,,,,,,0.13,,
                Mintuvirus,2842872,,,,,,,,,,,0.51,,,,
                Mooreparkvirus,2842881,,,,,,0.15,,,,,,,,,
              Mydovirus,2842888,0.18,0.1,0.13,0.21,,0.31,,,,0.19,,,,,
                Nehpavirus,2842897,0.09,0.36,0.22,0.09,14.89,,3.07,0.8,,0.96,,,,0.19,0.31
              Nochtlivirus,2842908,,0.18,,,,,,,,,,,,,
                Pacinivirus,2842934,,0.07,0.09,0.08,,0.16,,,,,,,,,
                Paundecimvirus,2842942,0.07,0.17,,0.12,,,,,,,,,,,
                Paysduvirus,2842943,0.6,0.14,,0.78,7.81,,1.21,,,,,,,0.51,0.29
                Pokkenvirus,2842972,0.13,0.1,0.12,0.1,,,,,,,,,0.29,0.14,
                  Pollockvirus,2842973,,0.12,0.18,0.14,,,,,,,,,,,0.6
                  Pourcelvirus,2842976,0.14,0.13,0.11,0.16,,,,,,,0.24,,0.18,,
                Presleyvirus,2842977,0.18,0.17,0.23,,,0.2,,0.24,,,,,,,
                Pseudotevenvirus,2842979,0.4,0.13,0.09,,,0.16,0.37,,,,,,,,
                  Pylasvirus,2842993,0.25,0.56,0.33,0.29,,0.5,0.79,0.42,0.23,1.15,,,,0.13,
                Qubevirus,2842995,0.07,,,,,,,,,,,,,,
                  Raunefjordenvirus,2843000,,,,,,,,,,,,,,,0.18
                Riverridervirus,2843008,0.09,,0.1,,,,,,,,,,,,
                  Sabourvirus,2843014,0.39,0.53,0.42,0.33,,0.62,0.63,0.24,,,,0.24,0.23,0.35,0.26
                Salinovirus,2843017,,0.08,,,,,,,,,,,,,
                Stehlmavirus,2843058,,,,,,,0.22,,,,,,,,
                  Stoningtonvirus,2843060,,,0.09,,,,,,,,,,,,
                Ticahravirus,2843092,,0.57,0.38,,,,,,,,,,,,
              Tinytimothyvirus,2843096,0.23,,0.14,0.1,,,0.22,,,,,,,0.15,
                Waedenswilvirus,2843122,0.16,0.15,0.2,0.14,,0.17,,,,0.14,,,,0.16,
                Wahdswovirus,2843124,,0.07,,,,,,,,,,,,,
              Yautsimvirus,2843147,,0.19,,,,,,,,,,,,,
                  Yonginvirus,2843155,0.09,0.08,0.13,0.08,,0.19,0.34,,,,,,0.16,,
                Zicotriavirus,2843161,0.08,0.13,0.08,0.13,,,,,,,,,,,
                Zurivirus,2843162,0.07,,0.1,0.09,,,,,,,0.32,0.26,0.22,,
              Aguilavirus,2843343,,0.21,,,,,,,,,,,,,
              Astrithrvirus,2843350,0.52,0.67,0.66,0.82,,1.81,1.41,0.52,0.31,0.4,0.25,0.54,0.37,0.43,0.48
              Audreyjarvisvirus,2843351,4.99,0.7,4.17,4.5,5.59,4.1,1.94,1.75,1.82,0.76,0.65,0.6,0.39,2.63,1.83
                Bcepfunavirus,2843356,,,,,,,,,,,0.48,,,,
              Burrovirus,2843362,1.97,0.9,1.49,2.64,1.8,1.3,1.67,1.47,1.22,0.79,0.38,0.99,0.7,1.37,1.7
              Chopinvirus,2843365,0.2,0.07,0.12,0.09,,0.34,,,0.23,,,,,0.18,0.44
              Cimandefvirus,2843366,0.15,0.13,0.19,0.12,,,,,0.64,,,,,,
              Fremauxvirus,2843383,1.05,0.21,0.85,0.99,,2.08,0.52,0.27,0.58,,0.17,,0.11,0.97,1.32
              Hattifnattvirus,2843390,,0.15,,,,,,,,,,,,,
                Labanvirus,2843408,,0.07,0.14,,,,,,,,,,,,
              Lafunavirus,2843410,,,0.1,,,,,,,,,,,,
                Lahexavirus,2843411,,,,,,,,,,,0.57,,,,
              Lastavirus,2843414,0.24,0.23,0.33,0.5,,0.29,0.6,,0.21,0.18,,,,0.11,0.2
              Lillamyvirus,2843418,0.12,0.66,0.17,0.29,,0.34,0.39,,,,,,,,
              Moturavirus,2843423,,0.07,0.17,,,,,,,,,,,,
              Muminvirus,2843426,1.02,1.59,1.11,0.66,,1.56,1.87,,,6.1,,1.43,0.79,0.7,0.82
              Nevevirus,2843430,,0.08,,0.08,,0.15,,,,,,,,,
              Parlovirus,2843433,0.07,0.11,0.21,0.09,,,,,,,0.29,,,,
              Plateaulakevirus,2843436,0.18,1.19,1.08,0.6,,1.25,0.75,0.26,,0.37,0.14,,,0.16,0.42
              Predatorvirus,2843439,,,,,,,,0.24,0.46,,,,,,
                Privateervirus,2843440,,0.06,,,,,,,,2.72,,,,0.14,
              Sandinevirus,2843449,0.61,0.22,0.8,0.46,,1.66,0.38,,0.32,0.19,,,,0.87,0.63
              Shandongvirus,2843454,0.12,,,0.12,,,,,,,,,,,
              Teubervirus,2843466,0.72,0.31,0.76,0.38,1.16,0.51,0.26,1.08,1.35,0.26,0.29,0.54,0.5,0.33,0.29
              Vedamuthuvirus,2843470,0.11,,,0.08,,,,,,,,,,,
                Yonseivirus,2843478,0.69,0.69,0.9,0.52,,1.13,0.42,0.36,0.79,0.42,,0.26,0.17,0.46,0.62
                  Kahnovirus,2942979,0.47,0.35,0.41,0.45,,0.5,0.6,0.28,1.2,0.52,0.14,0.51,0.19,0.47,0.35
                  Kehishuvirus,2942980,0.31,0.57,0.49,0.53,,0.6,1.08,0.58,0.7,1.09,0.2,0.73,0.36,0.33,0.48
                  Paundivirus,2942981,0.08,,,0.08,,,,,,,,,,,
                  Afonbuvirus,2942989,0.91,0.9,0.97,1.14,,0.67,0.89,0.64,1.1,1.26,0.14,1.2,0.53,0.72,0.93
                  Canhaevirus,2942990,0.24,0.18,0.38,0.24,,0.24,0.52,0.26,0.33,0.32,,0.36,0.22,0.16,0.2
                  Cohcovirus,2942991,0.24,0.25,0.42,0.45,,0.18,0.69,0.23,0.54,0.39,,0.31,0.2,0.3,0.42
                  Culoivirus,2942992,0.11,0.12,0.14,0.1,,0.17,0.24,,0.23,0.26,,,,0.11,
                  Blohavirus,2942993,0.67,0.45,0.71,0.93,,0.5,0.61,0.35,0.6,0.78,0.27,1.37,0.41,0.69,0.71
                  Buchavirus,2942994,0.33,0.25,0.34,0.33,,0.31,0.44,0.22,0.42,0.43,0.18,0.49,0.19,0.27,0.24
                Dunedinvirus,2943004,,0.08,,,,,,,,,,,,,
                Gediminasvirus,2943007,,,,,,,,,,,,,0.31,,
                Gwanakrovirus,2943008,,0.08,,0.08,,,,,,,,,,,
                Phobosvirus,2943014,,,,,,,,,,,,,0.26,,
                Salvovirus,2943016,0.66,0.13,0.25,0.59,,0.32,0.22,0.3,0.54,0.25,,,0.27,0.14,
                Seodaemunguvirus,2943017,,,,,,,,,,,,,0.67,,
                Sharonstreetvirus,2943019,1.51,0.24,1.07,0.93,1.8,1.62,0.52,0.3,0.64,0.28,1.29,0.36,0.22,0.85,0.79
              Anayavirus,2946797,,,0.1,,,,,0.28,,,,,,,
                  Aurodevirus,2946811,0.66,1.01,1.32,1.22,1.06,0.88,1.07,0.92,1.34,1.26,0.24,1.51,0.76,0.7,0.85
                  Birpovirus,2946830,0.47,0.23,0.45,0.51,,0.32,0.31,,0.47,0.4,,0.41,0.2,0.33,0.5
                  Buorbuivirus,2948644,0.19,0.22,0.31,0.21,,,0.27,0.29,0.22,0.43,,,0.2,0.14,0.21
                  Burzaovirus,2948645,7.37,3.64,6.61,5.76,5.17,3.13,2.74,2.13,6.91,4.41,0.73,4.27,3.77,5.63,6.27
                  Cacepaovirus,2948646,,,,,,,,,,,0.13,,,,
                  Carjivirus,2948652,9.54,3.47,7.06,9.09,6.97,6.0,8.71,2.73,7.14,6.69,1.67,8.12,3.87,7.79,5.96
                Chrysonvirus,2948662,,,,,,,,,,,,,0.15,,
                Cinqassovirus,2948665,,,,,,,,,,,,,0.15,,
                  Clownvirus,2948667,,,,0.08,,,,,,,,,,,
                  Dabirmavirus,2948671,0.26,0.08,0.26,0.26,,0.15,0.22,,0.27,0.32,,,,0.19,0.26
                  Diorhovirus,2948680,0.32,0.19,0.23,0.18,,,0.44,,0.21,0.15,,0.24,,0.11,
                  Drivevirus,2948684,,0.1,0.11,0.1,,,,,,,,,,,
                Duodecimduovirus,2948687,,,,,,,,,,,,0.23,,,
                  Delmidovirus,2948688,0.23,0.13,0.21,0.21,,0.19,0.2,,0.27,0.25,,0.24,0.12,0.21,
                Efbeekayvirus,2948690,1.02,1.23,0.95,0.85,,1.45,2.08,10.98,0.83,0.58,0.16,0.37,0.6,0.38,0.53
                  Endlipuvirus,2948697,0.27,0.12,0.19,0.17,,0.25,0.26,0.2,0.25,0.33,,0.19,,0.27,0.22
                Exceevirus,2948704,0.6,0.75,0.92,0.61,,0.99,0.67,0.32,0.48,0.45,0.27,0.22,1.96,0.33,0.68
                  Fohxhuevirus,2948709,0.53,0.25,0.41,0.39,,0.22,,0.2,0.44,0.5,,0.39,0.15,0.59,0.37
                  Hacihdavirus,2948736,0.11,,,,,,,,,,,,,,
              Harrisonburgvirus,2948755,,,,,,,,,,,0.8,,,,
                  Jahgtovirus,2948767,0.66,0.66,0.66,0.68,1.06,0.4,0.65,0.32,0.62,0.64,,0.79,0.42,0.42,0.59
                Jiangsuvirus,2948770,,,,,,,,,,,,,,,2.47
                  Junduvirus,2948774,0.3,0.11,0.29,0.33,,0.2,0.34,,12.79,0.18,,0.39,0.18,0.32,0.18
              Justusliebigvirus,2948775,,0.07,,,,,,,,,,,,,
                  Kingevirus,2948785,1.23,0.72,1.27,1.6,,0.99,1.98,0.64,1.18,1.36,0.23,1.59,0.95,1.14,1.08
                  Kolpuevirus,2948787,0.17,0.21,0.22,0.25,,0.17,0.35,,0.44,0.31,,0.25,,0.19,
              Kratiovirus,2948788,0.23,0.07,,,,,,,,,,,,,
              Kunmingvirus,2948791,0.42,0.74,0.58,0.62,,1.0,0.5,,,,0.21,,,0.18,0.3
                  Lebriduvirus,2948797,,0.06,,0.07,,,,,,,,,,,
              Lilmcdreamyvirus,2948802,,,,,,,,,,,,,0.16,,
                Lowelvirus,2948806,,,,,,,,,,,,0.28,,,
                  Mahlunavirus,2948812,,,,0.08,,,,,,,,,,,
                  Pamirivirus,2948854,0.07,,,0.07,,,,,,,,,,,
              Pharaohvirus,2948861,,,,,,,,,,,,,,0.13,
                    Tocinivirus,2948928,0.07,,,,,,,,,,,,,,
                Triduovirus,2948933,0.51,1.17,0.87,0.47,,0.96,0.67,0.62,,0.64,,,0.63,0.59,
                  Wotdevirus,2948953,0.09,,,,,,,,,,,,,,
              Incheonvirus,2976977,,0.06,,,,,,,,,,,,,
                  Acanvirus,3044653,0.11,,,,,,,,,,,,,,
              Carvajevirus,3044683,,,,,,,,0.5,,,,,,,
              Clawzvirus,3044689,0.08,,,,,,,,0.21,,,,,,
              Cobrasixvirus,3044690,0.23,0.47,0.49,0.35,,0.34,0.37,0.65,0.2,0.31,0.21,0.4,0.3,0.13,
                Ferozepurvirus,3044715,0.11,0.12,,,,0.67,,,,,,,,,
              Hiroshimavirus,3044731,0.14,,0.08,0.11,,,,,,,0.15,,0.35,,
              Ittyvirus,3044742,,0.14,0.2,0.13,,0.2,0.2,,,,0.63,,,,
                Kratosvirus,3044747,,0.2,,,,,,,0.23,,,,,,
                Ludhianavirus,3044751,,,,,,,,,,,,,,,0.22
                Miamivirus,3044763,0.28,0.17,,0.15,,0.26,0.2,,,,0.38,,,0.12,
                Miltoncavirus,3044765,,,,,,,,,,,,,,,0.26
                Moazamivirus,3044766,,0.1,0.37,,,3.28,,,,,,,,,
                  Moovirus,3044769,0.43,0.37,0.32,0.14,,0.72,0.22,0.92,,0.19,,,,0.2,
              Pavtokvirus,3044786,0.18,0.29,0.33,0.34,,0.48,0.34,,,,1.22,,,0.13,0.31
                Pawinskivirus,3044787,,,,,,,,,,,,,,0.14,0.48
                Phabiovirus,3044790,,,,,,,,,,,,,0.42,0.66,0.92
              Piorkowskivirus,3044792,0.11,,,0.13,,,,,,,,,,,
                Piscesmortuivirus,3044793,,,,,,0.15,,,,,,,,,
                Puahadnavirus,3044797,,,,,,,,,,1.49,,,,,
              Purivirus,3044798,,,,,,,,,,,,0.37,0.11,,0.26
              Quivirus,3044799,0.09,,,,,,,,,,,,,,
                Serwervirus,3044821,,,,,,,,,,,,,,0.12,2.99
                  Shantouvirus,3044823,,,,,,,,,,,0.25,,,,
              Skulduggeryvirus,3044832,,,,,,,,,,,0.16,,0.37,,
                Suseptimavirus,3044836,0.07,0.14,0.13,0.11,,0.17,0.26,,,,,,,,
                Tepukevirus,3044840,,,,,,,,,,,,,,0.15,
                Xoxocotlavirus,3044858,,,,0.07,,,,,,,,,,,
              Zhangjivirus,3044867,0.07,,,,,,,,,,,,,,
                  Moumouvirus,3080801,0.11,0.08,,0.13,,,,,,,,,,,
              Medeavirus,3152510,,,,,,,,,,,0.24,,0.22,,
                  Cinvestavvirus,3152598,0.11,0.13,0.17,0.09,,0.32,,,,,,,,,0.31
              Bugaksanvirus,3152615,,,,,,,,,,,0.24,,0.43,,
              Pumpernickelvirus,3152625,,,,,,,,,,,,,0.36,,
              Readingvirus,3152626,,,,,,,,,,,0.39,1.05,0.45,,
                  Commandariavirus,3152691,,,,,,,,,,,,0.32,,,
                  Dilongvirus,3152896,,,,,,,,,,,,,0.3,,
                  Kremarvirus,3152897,,,,,,,,,,,0.4,,1.15,,
                  Shenlongvirus,3152898,,,,,,,,,,,,,0.33,,
              Bimevirus,3152907,,0.11,,0.2,,,0.28,,,,,,,,
              Chaoyangvirus,3152908,,,,0.11,,,,,,,,,,,
              Geezettvirus,3152909,,0.09,,0.12,,,,,,,,,,,
              Mascletvirus,3152910,,,,0.09,,,,,,,,,,,
              Sircambvirus,3152913,,0.17,0.1,0.21,,,,,,,,,,,
              Zewailvirus,3152914,,0.11,,0.15,,,,,,,,,,,
              Hafyongvirus,3152967,,0.11,,,,,,,,,,,,,
              Haihevirus,3152968,,0.12,,,,,,,,0.23,,,0.17,,
              Miecznikowavirus,3152971,,,,0.07,,,,,,,0.3,0.41,0.54,,0.9
                Otakuvirus,3152972,,0.07,,,,0.32,,,,,,,,,
                Seretavirus,3152998,,0.08,0.11,,,0.15,,,,,,,,,
                  Longwangvirus,3153014,1.88,3.45,2.81,2.08,,4.14,2.52,0.57,0.47,0.33,31.33,0.69,0.29,2.55,0.99
                  Phayathaivirus,3153015,0.09,0.15,0.09,0.09,,0.22,,,,,1.23,,,0.16,
              Micathvirus,3153077,,,,,,,,,,,,,0.18,,
              Shangdongvirus,3153078,,,,,,,,,,,0.22,,,,
              Torvergatavirus,3153079,0.1,0.1,,0.07,,,0.22,,,,,,,,
              Shockervirus,3153082,0.07,0.58,0.29,0.28,,0.2,0.4,,,,,0.19,,,0.35
                Hodnevirus,3153200,,0.08,,,,,,,,0.19,,,,,
              Adrianbuildvirus,3424927,0.15,,,,,,,,,,,,,,
                  Ebriosvirus,3424957,0.73,0.07,,0.47,,,,,,,,,,,
                  Hennigervirus,3424959,,,,,,,,,,,,2.8,6.93,0.11,
                  Pfluvirus,3424962,,,,,,,,,,,,,,0.39,0.44
                  Risoevirus,3424972,,,,,,,,0.58,,2.84,,,,,0.22
